user_id,name,email,signup_date
1,Customer 1,customer1@example.com,2021/09/05
2,Customer 2,customer2@example.com,2022/01/20
3,Customer 3,customer3@example.com,2022/01/23
4,Customer 4,customer4@example.com,2021/12/24
5,Customer 5,customer5@example.com,2021/10/13
6,Customer 6,customer6@example.com,2021/09/04
7,Customer 7,customer7@example.com,2021/10/20
8,Customer 8,customer8@example.com,2022/02/14
9,Customer 9,customer9@example.com,2021/10/06
10,Customer 10,customer10@example.com,2021/11/13
11,Customer 11,customer11@example.com,2021/12/16
12,Customer 12,customer12@example.com,2022/01/04
13,Customer 13,customer13@example.com,2021/11/29
14,Customer 14,customer14@example.com,2021/12/22
15,Customer 15,customer15@example.com,2021/10/23
16,Customer 16,customer16@example.com,2022/02/08
17,Customer 17,customer17@example.com,2022/01/31
18,Customer 18,customer18@example.com,2021/10/29
19,Customer 19,customer19@example.com,2021/09/19
20,Customer 20,customer20@example.com,2022/02/18
21,Customer 21,customer21@example.com,2021/12/15
22,Customer 22,customer22@example.com,2021/10/31
23,Customer 23,customer23@example.com,2021/10/22
24,Customer 24,customer24@example.com,2022/01/01
25,Customer 25,customer25@example.com,2022/01/12
26,Customer 26,customer26@example.com,2021/09/03
27,Customer 27,customer27@example.com,2021/10/23
28,Customer 28,customer28@example.com,2021/12/27
29,Customer 29,customer29@example.com,2021/10/23
30,Customer 30,customer30@example.com,2021/12/08
31,Customer 31,customer31@example.com,2021/10/09
32,Customer 32,customer32@example.com,2022/02/10
33,Customer 33,customer33@example.com,2022/01/06
34,Customer 34,customer34@example.com,2021/12/31
35,Customer 35,customer35@example.com,2022/02/21
36,Customer 36,customer36@example.com,2021/11/14
37,Customer 37,customer37@example.com,2021/11/26
38,Customer 38,customer38@example.com,2021/09/28
39,Customer 39,customer39@example.com,2021/11/17
40,Customer 40,customer40@example.com,2022/02/09
41,Customer 41,customer41@example.com,2022/01/23
42,Customer 42,customer42@example.com,2022/01/22
43,Customer 43,customer43@example.com,2021/12/10
44,Customer 44,customer44@example.com,2021/12/20
45,Customer 45,customer45@example.com,2021/12/05
46,Customer 46,customer46@example.com,2021/09/10
47,Customer 47,customer47@example.com,2022/01/14
48,Customer 48,customer48@example.com,2021/11/19
49,Customer 49,customer49@example.com,2021/12/12
50,Customer 50,customer50@example.com,2021/10/01
51,Customer 51,customer51@example.com,2021/11/20
52,Customer 52,customer52@example.com,2021/10/20
53,Customer 53,customer53@example.com,2021/10/28
54,Customer 54,customer54@example.com,2022/02/25
55,Customer 55,customer55@example.com,2021/11/25
56,Customer 56,customer56@example.com,2021/11/27
57,Customer 57,customer57@example.com,2021/09/20
58,Customer 58,customer58@example.com,2021/10/23
59,Customer 59,customer59@example.com,2021/09/04
60,Customer 60,customer60@example.com,2022/01/28
61,Customer 61,customer61@example.com,2022/01/19
62,Customer 62,customer62@example.com,2021/10/29
63,Customer 63,customer63@example.com,2022/02/21
64,Customer 64,customer64@example.com,2022/02/15
65,Customer 65,customer65@example.com,2022/02/24
66,Customer 66,customer66@example.com,2021/11/21
67,Customer 67,customer67@example.com,2021/09/19
68,Customer 68,customer68@example.com,2022/02/24
69,Customer 69,customer69@example.com,2021/11/13
70,Customer 70,customer70@example.com,2021/11/30
71,Customer 71,customer71@example.com,2021/10/20
72,Customer 72,customer72@example.com,2022/01/06
73,Customer 73,customer73@example.com,2021/11/23
74,Customer 74,customer74@example.com,2021/11/27
75,Customer 75,customer75@example.com,2021/12/18
76,Customer 76,customer76@example.com,2021/12/10
77,Customer 77,customer77@example.com,2021/12/23
78,Customer 78,customer78@example.com,2021/11/17
79,Customer 79,customer79@example.com,2021/11/10
80,Customer 80,customer80@example.com,2021/09/18
81,Customer 81,customer81@example.com,2021/09/27
82,Customer 82,customer82@example.com,2022/02/11
83,Customer 83,customer83@example.com,2022/02/07
84,Customer 84,customer84@example.com,2021/11/22
85,Customer 85,customer85@example.com,2021/09/10
86,Customer 86,customer86@example.com,2021/12/21
87,Customer 87,customer87@example.com,2022/02/09
88,Customer 88,customer88@example.com,2022/01/08
89,Customer 89,customer89@example.com,2021/10/08
90,Customer 90,customer90@example.com,2021/10/16
91,Customer 91,customer91@example.com,2021/10/30
92,Customer 92,customer92@example.com,2022/02/13
93,Customer 93,customer93@example.com,2021/09/20
94,Customer 94,customer94@example.com,2021/09/04
95,Customer 95,customer95@example.com,2021/09/27
96,Customer 96,customer96@example.com,2022/02/13
97,Customer 97,customer97@example.com,2021/12/31
98,Customer 98,customer98@example.com,2022/01/04
99,Customer 99,customer99@example.com,2022/02/21
100,Customer 100,customer100@example.com,2021/11/12
101,Customer 101,customer101@example.com,2021/10/24
102,Customer 102,customer102@example.com,2022/01/11
103,Customer 103,customer103@example.com,2022/01/26
104,Customer 104,customer104@example.com,2021/11/12
105,Customer 105,customer105@example.com,2021/10/01
106,Customer 106,customer106@example.com,2022/02/04
107,Customer 107,customer107@example.com,2022/01/22
108,Customer 108,customer108@example.com,2021/11/20
109,Customer 109,customer109@example.com,2021/12/02
110,Customer 110,customer110@example.com,2021/12/19
111,Customer 111,customer111@example.com,2021/09/26
112,Customer 112,customer112@example.com,2021/11/04
113,Customer 113,customer113@example.com,2022/01/18
114,Customer 114,customer114@example.com,2022/01/06
115,Customer 115,customer115@example.com,2021/10/11
116,Customer 116,customer116@example.com,2021/11/16
117,Customer 117,customer117@example.com,2021/10/30
118,Customer 118,customer118@example.com,2021/12/30
119,Customer 119,customer119@example.com,2021/10/09
120,Customer 120,customer120@example.com,2021/09/23
121,Customer 121,customer121@example.com,2021/09/05
122,Customer 122,customer122@example.com,2022/01/27
123,Customer 123,customer123@example.com,2021/09/10
124,Customer 124,customer124@example.com,2022/02/14
125,Customer 125,customer125@example.com,2021/11/24
126,Customer 126,customer126@example.com,2021/09/13
127,Customer 127,customer127@example.com,2021/11/18
128,Customer 128,customer128@example.com,2021/12/22
129,Customer 129,customer129@example.com,2021/09/12
130,Customer 130,customer130@example.com,2021/09/15
131,Customer 131,customer131@example.com,2021/10/30
132,Customer 132,customer132@example.com,2021/09/02
133,Customer 133,customer133@example.com,2022/02/02
134,Customer 134,customer134@example.com,2021/12/20
135,Customer 135,customer135@example.com,2022/01/14
136,Customer 136,customer136@example.com,2022/02/06
137,Customer 137,customer137@example.com,2021/10/12
138,Customer 138,customer138@example.com,2021/12/22
139,Customer 139,customer139@example.com,2022/02/11
140,Customer 140,customer140@example.com,2022/01/29
141,Customer 141,customer141@example.com,2021/12/09
142,Customer 142,customer142@example.com,2021/12/18
143,Customer 143,customer143@example.com,2021/12/29
144,Customer 144,customer144@example.com,2021/11/22
145,Customer 145,customer145@example.com,2021/11/16
146,Customer 146,customer146@example.com,2022/02/24
147,Customer 147,customer147@example.com,2021/11/05
148,Customer 148,customer148@example.com,2022/02/19
149,Customer 149,customer149@example.com,2021/12/09
150,Customer 150,customer150@example.com,2021/11/16
151,Customer 151,customer151@example.com,2022/02/12
152,Customer 152,customer152@example.com,2021/12/22
153,Customer 153,customer153@example.com,2022/02/06
154,Customer 154,customer154@example.com,2021/09/21
155,Customer 155,customer155@example.com,2022/02/11
156,Customer 156,customer156@example.com,2021/12/25
157,Customer 157,customer157@example.com,2021/12/10
158,Customer 158,customer158@example.com,2022/01/01
159,Customer 159,customer159@example.com,2021/12/14
160,Customer 160,customer160@example.com,2021/11/12
161,Customer 161,customer161@example.com,2021/11/15
162,Customer 162,customer162@example.com,2021/10/22
163,Customer 163,customer163@example.com,2022/01/10
164,Customer 164,customer164@example.com,2021/10/14
165,Customer 165,customer165@example.com,2021/10/19
166,Customer 166,customer166@example.com,2021/09/18
167,Customer 167,customer167@example.com,2021/11/30
168,Customer 168,customer168@example.com,2021/10/19
169,Customer 169,customer169@example.com,2021/12/19
170,Customer 170,customer170@example.com,2021/12/04
171,Customer 171,customer171@example.com,2021/11/28
172,Customer 172,customer172@example.com,2021/09/01
173,Customer 173,customer173@example.com,2021/12/15
174,Customer 174,customer174@example.com,2021/12/17
175,Customer 175,customer175@example.com,2021/12/03
176,Customer 176,customer176@example.com,2021/11/15
177,Customer 177,customer177@example.com,2021/12/19
178,Customer 178,customer178@example.com,2021/11/29
179,Customer 179,customer179@example.com,2022/02/11
180,Customer 180,customer180@example.com,2021/11/19
181,Customer 181,customer181@example.com,2022/01/09
182,Customer 182,customer182@example.com,2022/01/22
183,Customer 183,customer183@example.com,2021/09/17
184,Customer 184,customer184@example.com,2021/09/05
185,Customer 185,customer185@example.com,2022/01/25
186,Customer 186,customer186@example.com,2021/12/17
187,Customer 187,customer187@example.com,2021/10/16
188,Customer 188,customer188@example.com,2021/10/09
189,Customer 189,customer189@example.com,2022/01/30
190,Customer 190,customer190@example.com,2021/11/14
191,Customer 191,customer191@example.com,2021/10/29
192,Customer 192,customer192@example.com,2022/01/01
193,Customer 193,customer193@example.com,2021/09/03
194,Customer 194,customer194@example.com,2021/11/08
195,Customer 195,customer195@example.com,2021/10/29
196,Customer 196,customer196@example.com,2021/11/24
197,Customer 197,customer197@example.com,2022/02/20
198,Customer 198,customer198@example.com,2021/11/16
199,Customer 199,customer199@example.com,2021/10/15
200,Customer 200,customer200@example.com,2021/10/08
201,Customer 201,customer201@example.com,2022/01/18
202,Customer 202,customer202@example.com,2022/02/13
203,Customer 203,customer203@example.com,2021/12/08
204,Customer 204,customer204@example.com,2022/02/21
205,Customer 205,customer205@example.com,2022/01/10
206,Customer 206,customer206@example.com,2021/10/01
207,Customer 207,customer207@example.com,2021/10/25
208,Customer 208,customer208@example.com,2022/01/23
209,Customer 209,customer209@example.com,2021/10/25
210,Customer 210,customer210@example.com,2021/10/03
211,Customer 211,customer211@example.com,2021/09/12
212,Customer 212,customer212@example.com,2021/11/18
213,Customer 213,customer213@example.com,2022/02/21
214,Customer 214,customer214@example.com,2021/10/10
215,Customer 215,customer215@example.com,2021/10/02
216,Customer 216,customer216@example.com,2021/09/10
217,Customer 217,customer217@example.com,2021/10/18
218,Customer 218,customer218@example.com,2021/09/06
219,Customer 219,customer219@example.com,2021/12/23
220,Customer 220,customer220@example.com,2022/02/04
221,Customer 221,customer221@example.com,2022/01/31
222,Customer 222,customer222@example.com,2021/10/13
223,Customer 223,customer223@example.com,2021/12/09
224,Customer 224,customer224@example.com,2022/02/15
225,Customer 225,customer225@example.com,2022/02/08
226,Customer 226,customer226@example.com,2021/11/06
227,Customer 227,customer227@example.com,2022/02/27
228,Customer 228,customer228@example.com,2021/09/18
229,Customer 229,customer229@example.com,2021/11/21
230,Customer 230,customer230@example.com,2021/10/14
231,Customer 231,customer231@example.com,2022/02/24
232,Customer 232,customer232@example.com,2021/12/16
233,Customer 233,customer233@example.com,2021/12/04
234,Customer 234,customer234@example.com,2022/01/09
235,Customer 235,customer235@example.com,2022/01/12
236,Customer 236,customer236@example.com,2021/10/25
237,Customer 237,customer237@example.com,2022/01/02
238,Customer 238,customer238@example.com,2021/12/04
239,Customer 239,customer239@example.com,2021/11/07
240,Customer 240,customer240@example.com,2021/12/21
241,Customer 241,customer241@example.com,2021/09/30
242,Customer 242,customer242@example.com,2022/02/23
243,Customer 243,customer243@example.com,2021/10/11
244,Customer 244,customer244@example.com,2022/01/01
245,Customer 245,customer245@example.com,2021/10/26
246,Customer 246,customer246@example.com,2021/10/13
247,Customer 247,customer247@example.com,2021/10/08
248,Customer 248,customer248@example.com,2022/01/09
249,Customer 249,customer249@example.com,2021/10/12
250,Customer 250,customer250@example.com,2021/12/27
251,Customer 251,customer251@example.com,2022/02/13
252,Customer 252,customer252@example.com,2021/09/09
253,Customer 253,customer253@example.com,2021/11/18
254,Customer 254,customer254@example.com,2021/10/08
255,Customer 255,customer255@example.com,2021/09/25
256,Customer 256,customer256@example.com,2021/12/01
257,Customer 257,customer257@example.com,2022/02/11
258,Customer 258,customer258@example.com,2022/02/13
259,Customer 259,customer259@example.com,2022/01/07
260,Customer 260,customer260@example.com,2021/10/18
261,Customer 261,customer261@example.com,2021/09/15
262,Customer 262,customer262@example.com,2022/01/12
263,Customer 263,customer263@example.com,2021/10/05
264,Customer 264,customer264@example.com,2022/02/04
265,Customer 265,customer265@example.com,2021/12/27
266,Customer 266,customer266@example.com,2021/11/27
267,Customer 267,customer267@example.com,2021/10/30
268,Customer 268,customer268@example.com,2021/10/31
269,Customer 269,customer269@example.com,2022/02/23
270,Customer 270,customer270@example.com,2021/12/29
271,Customer 271,customer271@example.com,2021/12/14
272,Customer 272,customer272@example.com,2021/10/17
273,Customer 273,customer273@example.com,2021/10/12
274,Customer 274,customer274@example.com,2022/01/05
275,Customer 275,customer275@example.com,2021/12/28
276,Customer 276,customer276@example.com,2022/01/13
277,Customer 277,customer277@example.com,2021/10/06
278,Customer 278,customer278@example.com,2021/10/12
279,Customer 279,customer279@example.com,2021/09/05
280,Customer 280,customer280@example.com,2021/12/09
281,Customer 281,customer281@example.com,2021/10/12
282,Customer 282,customer282@example.com,2022/02/01
283,Customer 283,customer283@example.com,2021/11/19
284,Customer 284,customer284@example.com,2022/02/17
285,Customer 285,customer285@example.com,2022/01/04
286,Customer 286,customer286@example.com,2021/11/04
287,Customer 287,customer287@example.com,2022/02/01
288,Customer 288,customer288@example.com,2021/09/07
289,Customer 289,customer289@example.com,2021/11/16
290,Customer 290,customer290@example.com,2022/01/06
291,Customer 291,customer291@example.com,2021/10/11
292,Customer 292,customer292@example.com,2022/01/04
293,Customer 293,customer293@example.com,2022/01/26
294,Customer 294,customer294@example.com,2021/12/18
295,Customer 295,customer295@example.com,2021/12/09
296,Customer 296,customer296@example.com,2021/09/07
297,Customer 297,customer297@example.com,2021/12/13
298,Customer 298,customer298@example.com,2022/01/21
299,Customer 299,customer299@example.com,2021/12/07
300,Customer 300,customer300@example.com,2022/01/23
301,Customer 301,customer301@example.com,2022/01/22
302,Customer 302,customer302@example.com,2021/11/06
303,Customer 303,customer303@example.com,2021/11/27
304,Customer 304,customer304@example.com,2021/12/02
305,Customer 305,customer305@example.com,2022/02/28
306,Customer 306,customer306@example.com,2021/12/12
307,Customer 307,customer307@example.com,2022/01/24
308,Customer 308,customer308@example.com,2021/09/27
309,Customer 309,customer309@example.com,2021/10/07
310,Customer 310,customer310@example.com,2021/09/14
311,Customer 311,customer311@example.com,2021/10/05
312,Customer 312,customer312@example.com,2022/02/12
313,Customer 313,customer313@example.com,2022/02/15
314,Customer 314,customer314@example.com,2021/10/18
315,Customer 315,customer315@example.com,2021/11/30
316,Customer 316,customer316@example.com,2021/11/22
317,Customer 317,customer317@example.com,2021/12/04
318,Customer 318,customer318@example.com,2022/02/25
319,Customer 319,customer319@example.com,2021/10/28
320,Customer 320,customer320@example.com,2021/09/14
321,Customer 321,customer321@example.com,2021/10/27
322,Customer 322,customer322@example.com,2021/09/07
323,Customer 323,customer323@example.com,2021/12/08
324,Customer 324,customer324@example.com,2021/12/05
325,Customer 325,customer325@example.com,2022/02/20
326,Customer 326,customer326@example.com,2021/09/09
327,Customer 327,customer327@example.com,2021/09/04
328,Customer 328,customer328@example.com,2021/09/01
329,Customer 329,customer329@example.com,2021/12/29
330,Customer 330,customer330@example.com,2021/09/27
331,Customer 331,customer331@example.com,2021/11/07
332,Customer 332,customer332@example.com,2021/09/06
333,Customer 333,customer333@example.com,2021/12/28
334,Customer 334,customer334@example.com,2021/10/11
335,Customer 335,customer335@example.com,2021/10/07
336,Customer 336,customer336@example.com,2021/09/17
337,Customer 337,customer337@example.com,2021/12/11
338,Customer 338,customer338@example.com,2021/11/23
339,Customer 339,customer339@example.com,2022/02/08
340,Customer 340,customer340@example.com,2021/09/05
341,Customer 341,customer341@example.com,2022/02/24
342,Customer 342,customer342@example.com,2022/01/31
343,Customer 343,customer343@example.com,2021/09/27
344,Customer 344,customer344@example.com,2022/01/11
345,Customer 345,customer345@example.com,2021/09/02
346,Customer 346,customer346@example.com,2021/11/29
347,Customer 347,customer347@example.com,2022/01/13
348,Customer 348,customer348@example.com,2021/09/08
349,Customer 349,customer349@example.com,2021/10/19
350,Customer 350,customer350@example.com,2021/12/05
351,Customer 351,customer351@example.com,2022/02/05
352,Customer 352,customer352@example.com,2022/01/27
353,Customer 353,customer353@example.com,2021/11/17
354,Customer 354,customer354@example.com,2021/12/19
355,Customer 355,customer355@example.com,2022/01/13
356,Customer 356,customer356@example.com,2021/12/22
357,Customer 357,customer357@example.com,2022/01/14
358,Customer 358,customer358@example.com,2021/09/02
359,Customer 359,customer359@example.com,2021/09/13
360,Customer 360,customer360@example.com,2022/02/19
361,Customer 361,customer361@example.com,2022/02/11
362,Customer 362,customer362@example.com,2021/10/24
363,Customer 363,customer363@example.com,2022/01/14
364,Customer 364,customer364@example.com,2021/12/28
365,Customer 365,customer365@example.com,2022/02/18
366,Customer 366,customer366@example.com,2021/12/31
367,Customer 367,customer367@example.com,2021/10/22
368,Customer 368,customer368@example.com,2021/11/12
369,Customer 369,customer369@example.com,2021/10/11
370,Customer 370,customer370@example.com,2021/12/08
371,Customer 371,customer371@example.com,2021/09/11
372,Customer 372,customer372@example.com,2022/01/01
373,Customer 373,customer373@example.com,2021/10/12
374,Customer 374,customer374@example.com,2021/09/22
375,Customer 375,customer375@example.com,2021/09/17
376,Customer 376,customer376@example.com,2022/01/19
377,Customer 377,customer377@example.com,2022/01/10
378,Customer 378,customer378@example.com,2021/10/23
379,Customer 379,customer379@example.com,2021/10/07
380,Customer 380,customer380@example.com,2022/02/06
381,Customer 381,customer381@example.com,2021/12/05
382,Customer 382,customer382@example.com,2022/02/02
383,Customer 383,customer383@example.com,2021/11/18
384,Customer 384,customer384@example.com,2022/01/20
385,Customer 385,customer385@example.com,2022/02/16
386,Customer 386,customer386@example.com,2021/12/01
387,Customer 387,customer387@example.com,2021/10/28
388,Customer 388,customer388@example.com,2021/11/26
389,Customer 389,customer389@example.com,2022/01/15
390,Customer 390,customer390@example.com,2021/09/28
391,Customer 391,customer391@example.com,2021/12/09
392,Customer 392,customer392@example.com,2021/11/13
393,Customer 393,customer393@example.com,2022/02/24
394,Customer 394,customer394@example.com,2021/09/06
395,Customer 395,customer395@example.com,2021/10/05
396,Customer 396,customer396@example.com,2021/12/16
397,Customer 397,customer397@example.com,2021/12/15
398,Customer 398,customer398@example.com,2021/11/03
399,Customer 399,customer399@example.com,2021/10/20
400,Customer 400,customer400@example.com,2021/12/25
401,Customer 401,customer401@example.com,2021/10/21
402,Customer 402,customer402@example.com,2021/09/23
403,Customer 403,customer403@example.com,2021/09/02
404,Customer 404,customer404@example.com,2022/02/18
405,Customer 405,customer405@example.com,2021/12/23
406,Customer 406,customer406@example.com,2022/02/15
407,Customer 407,customer407@example.com,2021/09/18
408,Customer 408,customer408@example.com,2022/02/10
409,Customer 409,customer409@example.com,2022/01/21
410,Customer 410,customer410@example.com,2021/10/09
411,Customer 411,customer411@example.com,2021/11/30
412,Customer 412,customer412@example.com,2022/01/12
413,Customer 413,customer413@example.com,2021/11/27
414,Customer 414,customer414@example.com,2021/12/09
415,Customer 415,customer415@example.com,2021/12/01
416,Customer 416,customer416@example.com,2021/10/29
417,Customer 417,customer417@example.com,2021/11/06
418,Customer 418,customer418@example.com,2021/11/13
419,Customer 419,customer419@example.com,2021/10/28
420,Customer 420,customer420@example.com,2021/10/25
421,Customer 421,customer421@example.com,2022/02/27
422,Customer 422,customer422@example.com,2022/01/26
423,Customer 423,customer423@example.com,2022/01/15
424,Customer 424,customer424@example.com,2022/01/17
425,Customer 425,customer425@example.com,2021/10/30
426,Customer 426,customer426@example.com,2021/10/16
427,Customer 427,customer427@example.com,2022/01/31
428,Customer 428,customer428@example.com,2021/11/17
429,Customer 429,customer429@example.com,2022/02/25
430,Customer 430,customer430@example.com,2022/02/09
431,Customer 431,customer431@example.com,2021/10/28
432,Customer 432,customer432@example.com,2022/01/05
433,Customer 433,customer433@example.com,2021/09/20
434,Customer 434,customer434@example.com,2022/02/15
435,Customer 435,customer435@example.com,2021/11/12
436,Customer 436,customer436@example.com,2021/11/28
437,Customer 437,customer437@example.com,2021/12/06
438,Customer 438,customer438@example.com,2022/01/24
439,Customer 439,customer439@example.com,2022/02/02
440,Customer 440,customer440@example.com,2022/02/05
441,Customer 441,customer441@example.com,2021/11/28
442,Customer 442,customer442@example.com,2021/09/16
443,Customer 443,customer443@example.com,2022/01/29
444,Customer 444,customer444@example.com,2021/11/09
445,Customer 445,customer445@example.com,2021/11/05
446,Customer 446,customer446@example.com,2021/10/29
447,Customer 447,customer447@example.com,2022/01/16
448,Customer 448,customer448@example.com,2021/09/09
449,Customer 449,customer449@example.com,2021/12/18
450,Customer 450,customer450@example.com,2021/12/01
451,Customer 451,customer451@example.com,2021/09/06
452,Customer 452,customer452@example.com,2021/12/17
453,Customer 453,customer453@example.com,2021/11/08
454,Customer 454,customer454@example.com,2021/10/13
455,Customer 455,customer455@example.com,2021/12/05
456,Customer 456,customer456@example.com,2021/09/05
457,Customer 457,customer457@example.com,2021/12/22
458,Customer 458,customer458@example.com,2021/09/19
459,Customer 459,customer459@example.com,2022/02/15
460,Customer 460,customer460@example.com,2021/12/22
461,Customer 461,customer461@example.com,2022/02/15
462,Customer 462,customer462@example.com,2022/02/06
463,Customer 463,customer463@example.com,2022/02/07
464,Customer 464,customer464@example.com,2022/02/06
465,Customer 465,customer465@example.com,2022/02/08
466,Customer 466,customer466@example.com,2021/10/27
467,Customer 467,customer467@example.com,2022/02/27
468,Customer 468,customer468@example.com,2022/02/22
469,Customer 469,customer469@example.com,2021/12/11
470,Customer 470,customer470@example.com,2021/12/27
471,Customer 471,customer471@example.com,2021/09/07
472,Customer 472,customer472@example.com,2021/12/24
473,Customer 473,customer473@example.com,2021/09/15
474,Customer 474,customer474@example.com,2021/12/08
475,Customer 475,customer475@example.com,2021/09/24
476,Customer 476,customer476@example.com,2022/01/28
477,Customer 477,customer477@example.com,2021/12/09
478,Customer 478,customer478@example.com,2022/01/11
479,Customer 479,customer479@example.com,2021/10/24
480,Customer 480,customer480@example.com,2021/11/12
481,Customer 481,customer481@example.com,2022/02/22
482,Customer 482,customer482@example.com,2021/12/20
483,Customer 483,customer483@example.com,2021/09/09
484,Customer 484,customer484@example.com,2022/02/18
485,Customer 485,customer485@example.com,2021/11/29
486,Customer 486,customer486@example.com,2022/01/25
487,Customer 487,customer487@example.com,2021/09/14
488,Customer 488,customer488@example.com,2022/01/18
489,Customer 489,customer489@example.com,2021/11/01
490,Customer 490,customer490@example.com,2022/01/16
491,Customer 491,customer491@example.com,2022/01/10
492,Customer 492,customer492@example.com,2021/10/02
493,Customer 493,customer493@example.com,2022/01/03
494,Customer 494,customer494@example.com,2021/12/28
495,Customer 495,customer495@example.com,2021/09/02
496,Customer 496,customer496@example.com,2021/09/12
497,Customer 497,customer497@example.com,2022/02/26
498,Customer 498,customer498@example.com,2021/12/06
499,Customer 499,customer499@example.com,2022/01/22
500,Customer 500,customer500@example.com,2022/02/01
501,Customer 501,customer501@example.com,2022/02/14
502,Customer 502,customer502@example.com,2021/12/21
503,Customer 503,customer503@example.com,2021/09/25
504,Customer 504,customer504@example.com,2021/09/25
505,Customer 505,customer505@example.com,2021/09/24
506,Customer 506,customer506@example.com,2022/01/09
507,Customer 507,customer507@example.com,2021/10/14
508,Customer 508,customer508@example.com,2021/09/29
509,Customer 509,customer509@example.com,2021/12/28
510,Customer 510,customer510@example.com,2021/12/13
511,Customer 511,customer511@example.com,2021/11/01
512,Customer 512,customer512@example.com,2022/02/02
513,Customer 513,customer513@example.com,2022/02/17
514,Customer 514,customer514@example.com,2021/12/02
515,Customer 515,customer515@example.com,2021/12/26
516,Customer 516,customer516@example.com,2021/12/17
517,Customer 517,customer517@example.com,2021/09/25
518,Customer 518,customer518@example.com,2021/09/24
519,Customer 519,customer519@example.com,2022/02/06
520,Customer 520,customer520@example.com,2022/02/25
521,Customer 521,customer521@example.com,2021/11/23
522,Customer 522,customer522@example.com,2021/12/02
523,Customer 523,customer523@example.com,2022/01/02
524,Customer 524,customer524@example.com,2021/10/13
525,Customer 525,customer525@example.com,2022/02/28
526,Customer 526,customer526@example.com,2022/02/04
527,Customer 527,customer527@example.com,2021/10/23
528,Customer 528,customer528@example.com,2021/09/02
529,Customer 529,customer529@example.com,2021/09/19
530,Customer 530,customer530@example.com,2021/12/06
531,Customer 531,customer531@example.com,2022/01/29
532,Customer 532,customer532@example.com,2021/12/07
533,Customer 533,customer533@example.com,2021/11/19
534,Customer 534,customer534@example.com,2022/01/09
535,Customer 535,customer535@example.com,2021/12/25
536,Customer 536,customer536@example.com,2021/10/23
537,Customer 537,customer537@example.com,2021/10/15
538,Customer 538,customer538@example.com,2022/01/24
539,Customer 539,customer539@example.com,2021/10/01
540,Customer 540,customer540@example.com,2021/11/20
541,Customer 541,customer541@example.com,2022/02/14
542,Customer 542,customer542@example.com,2021/09/20
543,Customer 543,customer543@example.com,2022/02/14
544,Customer 544,customer544@example.com,2021/12/02
545,Customer 545,customer545@example.com,2021/11/01
546,Customer 546,customer546@example.com,2021/12/08
547,Customer 547,customer547@example.com,2021/10/03
548,Customer 548,customer548@example.com,2022/02/11
549,Customer 549,customer549@example.com,2022/02/21
550,Customer 550,customer550@example.com,2022/01/28
551,Customer 551,customer551@example.com,2021/10/28
552,Customer 552,customer552@example.com,2022/02/02
553,Customer 553,customer553@example.com,2021/12/07
554,Customer 554,customer554@example.com,2021/10/01
555,Customer 555,customer555@example.com,2021/10/09
556,Customer 556,customer556@example.com,2022/01/28
557,Customer 557,customer557@example.com,2021/11/17
558,Customer 558,customer558@example.com,2022/01/05
559,Customer 559,customer559@example.com,2022/01/13
560,Customer 560,customer560@example.com,2021/11/09
561,Customer 561,customer561@example.com,2021/11/18
562,Customer 562,customer562@example.com,2022/01/17
563,Customer 563,customer563@example.com,2022/01/04
564,Customer 564,customer564@example.com,2021/10/09
565,Customer 565,customer565@example.com,2022/01/22
566,Customer 566,customer566@example.com,2021/09/17
567,Customer 567,customer567@example.com,2021/10/14
568,Customer 568,customer568@example.com,2022/01/04
569,Customer 569,customer569@example.com,2021/10/21
570,Customer 570,customer570@example.com,2021/10/31
571,Customer 571,customer571@example.com,2022/02/22
572,Customer 572,customer572@example.com,2021/09/28
573,Customer 573,customer573@example.com,2022/01/20
574,Customer 574,customer574@example.com,2021/11/26
575,Customer 575,customer575@example.com,2021/09/04
576,Customer 576,customer576@example.com,2021/12/16
577,Customer 577,customer577@example.com,2021/10/25
578,Customer 578,customer578@example.com,2021/09/05
579,Customer 579,customer579@example.com,2022/01/15
580,Customer 580,customer580@example.com,2022/01/25
581,Customer 581,customer581@example.com,2021/10/22
582,Customer 582,customer582@example.com,2022/02/05
583,Customer 583,customer583@example.com,2021/12/21
584,Customer 584,customer584@example.com,2022/01/22
585,Customer 585,customer585@example.com,2022/01/23
586,Customer 586,customer586@example.com,2022/01/07
587,Customer 587,customer587@example.com,2021/11/08
588,Customer 588,customer588@example.com,2021/12/03
589,Customer 589,customer589@example.com,2021/10/06
590,Customer 590,customer590@example.com,2022/01/25
591,Customer 591,customer591@example.com,2021/10/18
592,Customer 592,customer592@example.com,2021/11/05
593,Customer 593,customer593@example.com,2022/01/03
594,Customer 594,customer594@example.com,2021/12/06
595,Customer 595,customer595@example.com,2021/12/13
596,Customer 596,customer596@example.com,2021/11/04
597,Customer 597,customer597@example.com,2021/10/02
598,Customer 598,customer598@example.com,2021/10/18
599,Customer 599,customer599@example.com,2021/09/20
600,Customer 600,customer600@example.com,2021/10/31
601,Customer 601,customer601@example.com,2022/02/21
602,Customer 602,customer602@example.com,2021/11/14
603,Customer 603,customer603@example.com,2021/12/08
604,Customer 604,customer604@example.com,2022/01/17
605,Customer 605,customer605@example.com,2021/10/23
606,Customer 606,customer606@example.com,2021/12/06
607,Customer 607,customer607@example.com,2022/01/03
608,Customer 608,customer608@example.com,2021/09/01
609,Customer 609,customer609@example.com,2021/09/23
610,Customer 610,customer610@example.com,2021/09/23
611,Customer 611,customer611@example.com,2022/02/17
612,Customer 612,customer612@example.com,2022/01/12
613,Customer 613,customer613@example.com,2021/10/04
614,Customer 614,customer614@example.com,2021/10/31
615,Customer 615,customer615@example.com,2021/10/21
616,Customer 616,customer616@example.com,2021/12/18
617,Customer 617,customer617@example.com,2021/10/27
618,Customer 618,customer618@example.com,2021/09/30
619,Customer 619,customer619@example.com,2022/01/30
620,Customer 620,customer620@example.com,2021/09/19
621,Customer 621,customer621@example.com,2021/09/15
622,Customer 622,customer622@example.com,2021/10/21
623,Customer 623,customer623@example.com,2022/01/01
624,Customer 624,customer624@example.com,2022/02/15
625,Customer 625,customer625@example.com,2021/10/12
626,Customer 626,customer626@example.com,2021/10/09
627,Customer 627,customer627@example.com,2021/09/01
628,Customer 628,customer628@example.com,2022/02/18
629,Customer 629,customer629@example.com,2022/02/06
630,Customer 630,customer630@example.com,2021/09/03
631,Customer 631,customer631@example.com,2021/09/21
632,Customer 632,customer632@example.com,2022/02/16
633,Customer 633,customer633@example.com,2021/10/19
634,Customer 634,customer634@example.com,2021/12/08
635,Customer 635,customer635@example.com,2022/02/10
636,Customer 636,customer636@example.com,2022/01/09
637,Customer 637,customer637@example.com,2021/09/07
638,Customer 638,customer638@example.com,2021/09/23
639,Customer 639,customer639@example.com,2022/02/21
640,Customer 640,customer640@example.com,2021/09/20
641,Customer 641,customer641@example.com,2021/12/06
642,Customer 642,customer642@example.com,2022/02/23
643,Customer 643,customer643@example.com,2021/12/16
644,Customer 644,customer644@example.com,2022/01/05
645,Customer 645,customer645@example.com,2021/09/11
646,Customer 646,customer646@example.com,2022/01/10
647,Customer 647,customer647@example.com,2021/09/05
648,Customer 648,customer648@example.com,2021/10/29
649,Customer 649,customer649@example.com,2022/02/27
650,Customer 650,customer650@example.com,2022/01/18
651,Customer 651,customer651@example.com,2021/12/28
652,Customer 652,customer652@example.com,2021/10/04
653,Customer 653,customer653@example.com,2021/11/27
654,Customer 654,customer654@example.com,2021/12/05
655,Customer 655,customer655@example.com,2022/02/13
656,Customer 656,customer656@example.com,2021/11/26
657,Customer 657,customer657@example.com,2021/12/05
658,Customer 658,customer658@example.com,2022/02/13
659,Customer 659,customer659@example.com,2022/02/03
660,Customer 660,customer660@example.com,2022/01/04
661,Customer 661,customer661@example.com,2022/01/21
662,Customer 662,customer662@example.com,2022/01/10
663,Customer 663,customer663@example.com,2021/12/14
664,Customer 664,customer664@example.com,2022/02/01
665,Customer 665,customer665@example.com,2021/10/16
666,Customer 666,customer666@example.com,2021/11/10
667,Customer 667,customer667@example.com,2022/01/01
668,Customer 668,customer668@example.com,2022/02/04
669,Customer 669,customer669@example.com,2021/10/21
670,Customer 670,customer670@example.com,2021/10/11
671,Customer 671,customer671@example.com,2021/09/25
672,Customer 672,customer672@example.com,2021/10/12
673,Customer 673,customer673@example.com,2022/01/26
674,Customer 674,customer674@example.com,2021/10/23
675,Customer 675,customer675@example.com,2021/10/17
676,Customer 676,customer676@example.com,2021/11/02
677,Customer 677,customer677@example.com,2022/01/12
678,Customer 678,customer678@example.com,2021/11/19
679,Customer 679,customer679@example.com,2021/11/14
680,Customer 680,customer680@example.com,2021/12/09
681,Customer 681,customer681@example.com,2021/10/20
682,Customer 682,customer682@example.com,2021/09/20
683,Customer 683,customer683@example.com,2022/02/19
684,Customer 684,customer684@example.com,2022/01/16
685,Customer 685,customer685@example.com,2022/02/05
686,Customer 686,customer686@example.com,2022/02/03
687,Customer 687,customer687@example.com,2022/01/22
688,Customer 688,customer688@example.com,2022/01/18
689,Customer 689,customer689@example.com,2021/09/07
690,Customer 690,customer690@example.com,2021/12/14
691,Customer 691,customer691@example.com,2022/01/01
692,Customer 692,customer692@example.com,2022/01/18
693,Customer 693,customer693@example.com,2021/11/06
694,Customer 694,customer694@example.com,2022/01/11
695,Customer 695,customer695@example.com,2022/02/26
696,Customer 696,customer696@example.com,2021/12/27
697,Customer 697,customer697@example.com,2021/09/29
698,Customer 698,customer698@example.com,2022/01/13
699,Customer 699,customer699@example.com,2021/11/13
700,Customer 700,customer700@example.com,2021/11/17
701,Customer 701,customer701@example.com,2022/02/07
702,Customer 702,customer702@example.com,2022/01/21
703,Customer 703,customer703@example.com,2021/11/13
704,Customer 704,customer704@example.com,2022/01/21
705,Customer 705,customer705@example.com,2022/01/10
706,Customer 706,customer706@example.com,2021/12/10
707,Customer 707,customer707@example.com,2022/02/23
708,Customer 708,customer708@example.com,2021/11/27
709,Customer 709,customer709@example.com,2021/11/30
710,Customer 710,customer710@example.com,2021/12/16
711,Customer 711,customer711@example.com,2021/11/07
712,Customer 712,customer712@example.com,2022/01/07
713,Customer 713,customer713@example.com,2021/10/14
714,Customer 714,customer714@example.com,2021/12/29
715,Customer 715,customer715@example.com,2021/12/06
716,Customer 716,customer716@example.com,2022/01/27
717,Customer 717,customer717@example.com,2021/09/20
718,Customer 718,customer718@example.com,2022/02/09
719,Customer 719,customer719@example.com,2021/12/20
720,Customer 720,customer720@example.com,2021/09/27
721,Customer 721,customer721@example.com,2021/12/15
722,Customer 722,customer722@example.com,2021/12/24
723,Customer 723,customer723@example.com,2021/09/23
724,Customer 724,customer724@example.com,2022/02/13
725,Customer 725,customer725@example.com,2022/01/13
726,Customer 726,customer726@example.com,2021/10/08
727,Customer 727,customer727@example.com,2022/01/13
728,Customer 728,customer728@example.com,2021/11/13
729,Customer 729,customer729@example.com,2022/02/23
730,Customer 730,customer730@example.com,2022/02/15
731,Customer 731,customer731@example.com,2021/10/04
732,Customer 732,customer732@example.com,2022/01/14
733,Customer 733,customer733@example.com,2021/10/02
734,Customer 734,customer734@example.com,2022/02/26
735,Customer 735,customer735@example.com,2022/01/06
736,Customer 736,customer736@example.com,2021/09/23
737,Customer 737,customer737@example.com,2021/09/17
738,Customer 738,customer738@example.com,2021/09/12
739,Customer 739,customer739@example.com,2021/12/21
740,Customer 740,customer740@example.com,2021/12/17
741,Customer 741,customer741@example.com,2022/02/12
742,Customer 742,customer742@example.com,2021/09/10
743,Customer 743,customer743@example.com,2022/01/16
744,Customer 744,customer744@example.com,2021/11/17
745,Customer 745,customer745@example.com,2022/01/09
746,Customer 746,customer746@example.com,2021/10/29
747,Customer 747,customer747@example.com,2021/12/17
748,Customer 748,customer748@example.com,2021/11/01
749,Customer 749,customer749@example.com,2021/09/01
750,Customer 750,customer750@example.com,2021/12/08
751,Customer 751,customer751@example.com,2021/09/29
752,Customer 752,customer752@example.com,2021/10/23
753,Customer 753,customer753@example.com,2022/01/01
754,Customer 754,customer754@example.com,2021/09/30
755,Customer 755,customer755@example.com,2021/09/06
756,Customer 756,customer756@example.com,2022/01/11
757,Customer 757,customer757@example.com,2022/02/22
758,Customer 758,customer758@example.com,2021/11/08
759,Customer 759,customer759@example.com,2021/12/03
760,Customer 760,customer760@example.com,2022/02/28
761,Customer 761,customer761@example.com,2021/10/23
762,Customer 762,customer762@example.com,2022/01/28
763,Customer 763,customer763@example.com,2021/11/10
764,Customer 764,customer764@example.com,2021/09/11
765,Customer 765,customer765@example.com,2021/12/15
766,Customer 766,customer766@example.com,2021/10/11
767,Customer 767,customer767@example.com,2021/09/17
768,Customer 768,customer768@example.com,2021/12/19
769,Customer 769,customer769@example.com,2021/12/27
770,Customer 770,customer770@example.com,2021/12/01
771,Customer 771,customer771@example.com,2022/01/07
772,Customer 772,customer772@example.com,2022/01/13
773,Customer 773,customer773@example.com,2022/02/27
774,Customer 774,customer774@example.com,2021/11/20
775,Customer 775,customer775@example.com,2021/12/29
776,Customer 776,customer776@example.com,2021/10/14
777,Customer 777,customer777@example.com,2021/11/25
778,Customer 778,customer778@example.com,2021/11/24
779,Customer 779,customer779@example.com,2021/09/21
780,Customer 780,customer780@example.com,2021/09/18
781,Customer 781,customer781@example.com,2021/12/01
782,Customer 782,customer782@example.com,2021/12/26
783,Customer 783,customer783@example.com,2021/10/25
784,Customer 784,customer784@example.com,2022/01/31
785,Customer 785,customer785@example.com,2021/09/28
786,Customer 786,customer786@example.com,2022/01/18
787,Customer 787,customer787@example.com,2021/12/12
788,Customer 788,customer788@example.com,2021/11/23
789,Customer 789,customer789@example.com,2022/02/12
790,Customer 790,customer790@example.com,2021/10/21
791,Customer 791,customer791@example.com,2021/12/14
792,Customer 792,customer792@example.com,2021/10/28
793,Customer 793,customer793@example.com,2021/10/27
794,Customer 794,customer794@example.com,2022/02/15
795,Customer 795,customer795@example.com,2022/01/04
796,Customer 796,customer796@example.com,2021/11/27
797,Customer 797,customer797@example.com,2021/10/06
798,Customer 798,customer798@example.com,2021/10/30
799,Customer 799,customer799@example.com,2021/10/11
800,Customer 800,customer800@example.com,2021/09/03
801,Customer 801,customer801@example.com,2021/09/28
802,Customer 802,customer802@example.com,2022/01/25
803,Customer 803,customer803@example.com,2021/12/22
804,Customer 804,customer804@example.com,2021/11/21
805,Customer 805,customer805@example.com,2022/01/22
806,Customer 806,customer806@example.com,2021/10/25
807,Customer 807,customer807@example.com,2021/10/13
808,Customer 808,customer808@example.com,2021/11/30
809,Customer 809,customer809@example.com,2021/11/14
810,Customer 810,customer810@example.com,2021/10/28
811,Customer 811,customer811@example.com,2021/09/14
812,Customer 812,customer812@example.com,2021/11/17
813,Customer 813,customer813@example.com,2021/10/02
814,Customer 814,customer814@example.com,2022/01/03
815,Customer 815,customer815@example.com,2021/10/10
816,Customer 816,customer816@example.com,2021/11/05
817,Customer 817,customer817@example.com,2021/09/10
818,Customer 818,customer818@example.com,2021/10/21
819,Customer 819,customer819@example.com,2022/01/03
820,Customer 820,customer820@example.com,2022/01/14
821,Customer 821,customer821@example.com,2021/12/20
822,Customer 822,customer822@example.com,2022/01/10
823,Customer 823,customer823@example.com,2021/09/01
824,Customer 824,customer824@example.com,2021/11/18
825,Customer 825,customer825@example.com,2022/02/07
826,Customer 826,customer826@example.com,2022/02/23
827,Customer 827,customer827@example.com,2021/11/09
828,Customer 828,customer828@example.com,2021/10/09
829,Customer 829,customer829@example.com,2022/02/23
830,Customer 830,customer830@example.com,2021/12/26
831,Customer 831,customer831@example.com,2021/10/10
832,Customer 832,customer832@example.com,2022/01/02
833,Customer 833,customer833@example.com,2022/01/27
834,Customer 834,customer834@example.com,2021/09/20
835,Customer 835,customer835@example.com,2021/12/03
836,Customer 836,customer836@example.com,2021/09/14
837,Customer 837,customer837@example.com,2021/10/22
838,Customer 838,customer838@example.com,2021/12/03
839,Customer 839,customer839@example.com,2022/01/18
840,Customer 840,customer840@example.com,2021/12/19
841,Customer 841,customer841@example.com,2021/11/20
842,Customer 842,customer842@example.com,2021/12/20
843,Customer 843,customer843@example.com,2021/12/15
844,Customer 844,customer844@example.com,2021/10/25
845,Customer 845,customer845@example.com,2021/12/25
846,Customer 846,customer846@example.com,2021/09/03
847,Customer 847,customer847@example.com,2021/11/21
848,Customer 848,customer848@example.com,2021/12/15
849,Customer 849,customer849@example.com,2021/12/03
850,Customer 850,customer850@example.com,2021/11/16
851,Customer 851,customer851@example.com,2021/10/22
852,Customer 852,customer852@example.com,2021/10/16
853,Customer 853,customer853@example.com,2022/01/20
854,Customer 854,customer854@example.com,2021/11/24
855,Customer 855,customer855@example.com,2021/09/26
856,Customer 856,customer856@example.com,2022/01/29
857,Customer 857,customer857@example.com,2021/10/04
858,Customer 858,customer858@example.com,2021/09/11
859,Customer 859,customer859@example.com,2021/09/23
860,Customer 860,customer860@example.com,2021/11/15
861,Customer 861,customer861@example.com,2021/10/01
862,Customer 862,customer862@example.com,2022/01/26
863,Customer 863,customer863@example.com,2021/12/28
864,Customer 864,customer864@example.com,2022/02/23
865,Customer 865,customer865@example.com,2021/09/17
866,Customer 866,customer866@example.com,2022/01/09
867,Customer 867,customer867@example.com,2021/10/11
868,Customer 868,customer868@example.com,2021/12/13
869,Customer 869,customer869@example.com,2022/02/23
870,Customer 870,customer870@example.com,2021/11/21
871,Customer 871,customer871@example.com,2021/12/12
872,Customer 872,customer872@example.com,2021/09/29
873,Customer 873,customer873@example.com,2021/12/30
874,Customer 874,customer874@example.com,2021/09/30
875,Customer 875,customer875@example.com,2021/10/06
876,Customer 876,customer876@example.com,2022/02/20
877,Customer 877,customer877@example.com,2022/02/19
878,Customer 878,customer878@example.com,2021/09/28
879,Customer 879,customer879@example.com,2021/11/09
880,Customer 880,customer880@example.com,2022/01/24
881,Customer 881,customer881@example.com,2021/09/02
882,Customer 882,customer882@example.com,2021/12/22
883,Customer 883,customer883@example.com,2021/11/11
884,Customer 884,customer884@example.com,2021/10/25
885,Customer 885,customer885@example.com,2021/11/29
886,Customer 886,customer886@example.com,2021/10/31
887,Customer 887,customer887@example.com,2021/11/07
888,Customer 888,customer888@example.com,2022/02/26
889,Customer 889,customer889@example.com,2021/09/06
890,Customer 890,customer890@example.com,2021/11/19
891,Customer 891,customer891@example.com,2021/10/10
892,Customer 892,customer892@example.com,2022/01/11
893,Customer 893,customer893@example.com,2021/10/09
894,Customer 894,customer894@example.com,2021/11/15
895,Customer 895,customer895@example.com,2021/09/02
896,Customer 896,customer896@example.com,2021/10/17
897,Customer 897,customer897@example.com,2021/09/07
898,Customer 898,customer898@example.com,2022/01/21
899,Customer 899,customer899@example.com,2021/09/03
900,Customer 900,customer900@example.com,2022/01/22
901,Customer 901,customer901@example.com,2021/12/19
902,Customer 902,customer902@example.com,2021/12/04
903,Customer 903,customer903@example.com,2021/12/08
904,Customer 904,customer904@example.com,2021/12/08
905,Customer 905,customer905@example.com,2022/01/26
906,Customer 906,customer906@example.com,2021/09/16
907,Customer 907,customer907@example.com,2021/09/05
908,Customer 908,customer908@example.com,2022/01/30
909,Customer 909,customer909@example.com,2022/02/10
910,Customer 910,customer910@example.com,2021/12/15
911,Customer 911,customer911@example.com,2021/12/06
912,Customer 912,customer912@example.com,2021/09/27
913,Customer 913,customer913@example.com,2021/11/10
914,Customer 914,customer914@example.com,2022/01/02
915,Customer 915,customer915@example.com,2022/02/16
916,Customer 916,customer916@example.com,2021/10/18
917,Customer 917,customer917@example.com,2021/09/19
918,Customer 918,customer918@example.com,2022/01/21
919,Customer 919,customer919@example.com,2021/11/09
920,Customer 920,customer920@example.com,2021/11/26
921,Customer 921,customer921@example.com,2022/02/21
922,Customer 922,customer922@example.com,2021/11/21
923,Customer 923,customer923@example.com,2021/11/05
924,Customer 924,customer924@example.com,2021/11/17
925,Customer 925,customer925@example.com,2021/10/16
926,Customer 926,customer926@example.com,2022/02/22
927,Customer 927,customer927@example.com,2021/10/15
928,Customer 928,customer928@example.com,2021/09/16
929,Customer 929,customer929@example.com,2021/11/22
930,Customer 930,customer930@example.com,2022/01/19
931,Customer 931,customer931@example.com,2022/01/18
932,Customer 932,customer932@example.com,2022/02/14
933,Customer 933,customer933@example.com,2021/12/06
934,Customer 934,customer934@example.com,2022/01/16
935,Customer 935,customer935@example.com,2021/12/22
936,Customer 936,customer936@example.com,2022/01/06
937,Customer 937,customer937@example.com,2022/01/21
938,Customer 938,customer938@example.com,2022/02/08
939,Customer 939,customer939@example.com,2022/02/28
940,Customer 940,customer940@example.com,2022/02/08
941,Customer 941,customer941@example.com,2021/09/04
942,Customer 942,customer942@example.com,2021/09/19
943,Customer 943,customer943@example.com,2021/11/08
944,Customer 944,customer944@example.com,2022/02/22
945,Customer 945,customer945@example.com,2022/01/12
946,Customer 946,customer946@example.com,2021/11/11
947,Customer 947,customer947@example.com,2022/01/24
948,Customer 948,customer948@example.com,2022/01/20
949,Customer 949,customer949@example.com,2021/11/23
950,Customer 950,customer950@example.com,2022/02/11
951,Customer 951,customer951@example.com,2021/11/07
952,Customer 952,customer952@example.com,2021/12/27
953,Customer 953,customer953@example.com,2021/09/22
954,Customer 954,customer954@example.com,2022/01/07
955,Customer 955,customer955@example.com,2021/10/21
956,Customer 956,customer956@example.com,2021/09/23
957,Customer 957,customer957@example.com,2022/01/30
958,Customer 958,customer958@example.com,2021/12/27
959,Customer 959,customer959@example.com,2021/10/13
960,Customer 960,customer960@example.com,2021/09/08
961,Customer 961,customer961@example.com,2022/01/26
962,Customer 962,customer962@example.com,2021/11/07
963,Customer 963,customer963@example.com,2021/12/02
964,Customer 964,customer964@example.com,2021/12/11
965,Customer 965,customer965@example.com,2021/11/13
966,Customer 966,customer966@example.com,2021/11/06
967,Customer 967,customer967@example.com,2021/09/01
968,Customer 968,customer968@example.com,2022/01/30
969,Customer 969,customer969@example.com,2022/02/24
970,Customer 970,customer970@example.com,2021/12/20
971,Customer 971,customer971@example.com,2022/01/23
972,Customer 972,customer972@example.com,2022/01/29
973,Customer 973,customer973@example.com,2021/12/29
974,Customer 974,customer974@example.com,2021/12/28
975,Customer 975,customer975@example.com,2022/02/18
976,Customer 976,customer976@example.com,2022/01/12
977,Customer 977,customer977@example.com,2022/01/28
978,Customer 978,customer978@example.com,2021/12/13
979,Customer 979,customer979@example.com,2021/12/22
980,Customer 980,customer980@example.com,2022/02/22
981,Customer 981,customer981@example.com,2021/12/22
982,Customer 982,customer982@example.com,2021/09/24
983,Customer 983,customer983@example.com,2022/01/16
984,Customer 984,customer984@example.com,2021/12/28
985,Customer 985,customer985@example.com,2022/01/26
986,Customer 986,customer986@example.com,2021/11/17
987,Customer 987,customer987@example.com,2022/01/01
988,Customer 988,customer988@example.com,2022/02/20
989,Customer 989,customer989@example.com,2021/11/24
990,Customer 990,customer990@example.com,2021/11/20
991,Customer 991,customer991@example.com,2022/02/07
992,Customer 992,customer992@example.com,2022/01/26
993,Customer 993,customer993@example.com,2021/11/04
994,Customer 994,customer994@example.com,2021/12/28
995,Customer 995,customer995@example.com,2021/11/18
996,Customer 996,customer996@example.com,2021/12/13
997,Customer 997,customer997@example.com,2021/12/12
998,Customer 998,customer998@example.com,2022/01/08
999,Customer 999,customer999@example.com,2022/02/19
1000,Customer 1000,customer1000@example.com,2021/11/11